,0
0,fuel tank
1,lightning
2,fuel farm
3,sb 612
4,sb 1503
5,heartbeat bill
6,abortion bill
7,sb 8
8,app
9,flip phone
10,new phone
11,smartphone
12,pixel
13,phone
14,hardware
15,nothing phone
16,nothing
17,astro
18,astro slide
19,vaccination
20,911
21,discrimination
22,alqaeda
23,head coach
24,brian flores
25,sept 11
26,american football
27,rooney rule
28,osama bin laden
29,sept 11 attack
30,ayman alzawahiri
31,vasectomy
32,trump red wave
33,trump election fraud
34,red mirage
35,red wave
36,owner lockout
37,collective bargaining agreement
38,baseball
39,robot umpire
40,mlb owner
41,jose iglesias
42,cba negotiation
43,1995 strike
44,mlb team
45,major league baseball player association
46,rafael devers
47,mlbpa
48,student
49,juiced ball
50,shohei ohtani
51,commissioner
52,miah cerrillo
53,survivor
54,house hearing
55,1994 strike
56,imvanex
57,jynneos
58,tpoxx
59,acam2000
60,greg abbott
61,dan patrick
62,congressional hearing gun violence
63,21 killed
64,gun culture
65,gun proliferation
66,witness
67,facebook
68,plane masking
69,covid 19
70,train
71,flight attendant
72,southwest
73,federal mask mandate
74,public transportation
75,antimask
76,airplane
77,rustenburg
78,wage increase
79,international worker day
80,worker day
81,portugal
82,lisbon
83,irs
84,mine worker
85,pension increase
86,teacher union
87,paris protest
88,bombing
89,may day
90,statue liberty
91,forced migration
92,displacement
93,ny
94,maternal health
95,ngo
96,volodymyr zelenskyy
97,supreme court nomination
98,art world
99,exhibition
100,major league baseball
101,mlb
102,lockout
103,max scherzer
104,rob manfred
105,tony clark
106,juan soto
107,mariana alfaro
108,assault weapon
109,assault rifle
110,travis andrew
111,face mask
112,2022 tax
113,cashap
114,natalie compton
115,deli meat
116,racist violence
117,bologna
118,ruth whitfield
119,skin
120,bologna face mask
121,oscar mayer
122,skincare
123,allyson chiu
124,ben crump
125,vemno
126,wellness
127,fenit nirappil
128,paypal
129,humanitarian corridor
130,russian president putin
131,pregnant
132,march
133,sumy evacuation
134,russian assault
135,vaccine hesitancy
136,draftee
137,drafted soldier
138,happy kid
139,texas childrens hospital
140,march life
141,reservist
142,covid19 vaccine
143,conscript
144,orphan
145,unvaccinated
146,2 million
147,abbott test
148,nyc mayor
149,rapid home test
150,coronavirus test
151,covid test
152,rapid covid test
153,leaked ruling
154,roe versus wade
155,cuba
156,maternal mortality
157,daniel snyder
158,prenatal health
159,ectopic pregnancy
160,marfan syndrome
161,biden gun address
162,richard durbin
163,ohio primary
164,health mother
165,workplace misconduct
166,vance
167,biden gun legislation
168,biden gun speech
169,fetal mortality
170,oversight committee
171,infant mortality
172,life mother
173,dianne feinstein
174,sexual misconduct
175,snowboardcross
176,olympics opening ceremony
177,dinigeer yilamujuang
178,2022 beijing olympics
179,karen chen
180,lindsey jacobellis
181,ailing gu
182,wu dajing
183,olympian
184,nathan chen
185,gao tingyu
186,olympic torch
187,snowboarding
188,winter sport
189,missile strike
190,curling
191,damage
192,tax season
193,nato member
194,marine le pen
195,volodymye zelensky
196,marine lepen
197,paying tax
198,back tax
199,personal finance
200,emmanuel macron
201,judiciary committee
202,idp
203,internally displaced people
204,new york city shooting
205,bbq
206,faith politics
207,sfood
208,coronavirus pandemic immigration
209,border immigration
210,mark robinson
211,evangelicals
212,faith
213,best bbq
214,christianity
215,n train
216,pandemic title 42
217,36th street subway station
218,2fifty texas bbq
219,lt governor
220,local politics
221,tap
222,american renewal project
223,southern border immigration title 42
224,title 42
225,fdny
226,alifestylefood
227,mayorkas
228,catholic
229,brisket
230,cdc title 42
231,fernando gonzalez
232,religion
233,david lane
234,verizon
235,iphones
236,grocery
237,cell phone
238,att
239,asking raise work
240,high price
241,cell service
242,tmobile
243,5g
244,network
245,mourning
246,grieving
247,doug ducey
248,1901
249,arizona
250,massacre
251,mark brnovich
252,dobb v jackson
253,law enforcement expert
254,use force
255,kansa city
256,police shooting
257,clayton jenison
258,officerinvolved shooting investigation
259,suicidal teen
260,police department
261,john albers
262,overland park
263,sheldon whitehouse
264,diplomatic boycott
265,olivia giaccio
266,people republic china
267,woman single
268,gu ailing eileen
269,kaillie humphries
270,monobob
271,ice skating
272,2022 olympics
273,luke winter
274,severe weather outbreak
275,nashville
276,tennessee
277,wind damage
278,shortage
279,rep cori bush
280,thunderstorm
281,damaging wind
282,deep south
283,tampon shortage
284,belfast
285,senator kyrsten sinema
286,monarchy
287,senator joe manchin iii
288,filibuster vote
289,royal family
290,voting right legislation
291,recess
292,mike
293,escalation
294,jeff zients
295,quigley
296,representative
297,tate reef
298,rochelle walensky
299,asa hutchinson
300,vivek murthy
301,national institute health
302,fully vaccinated
303,weary
304,poll
305,nord stream
306,francis collins
307,unpopular
308,coronavirus task force
309,congressman
310,president day
311,boosted
312,podcasts
313,turkey
314,paul shaffer
315,sctv cast
316,russian bombing
317,casualty
318,gilda radner
319,kamala
320,victor garber
321,sctv
322,toronto godspell
323,broadway musical
324,diplomat
325,eugene levy
326,andrea martin
327,martin short
328,godspell
329,policing america
330,brendan daniel
331,damien daniel
332,antivax
333,ukraine talk
334,ukraine siege
335,alice li
336,sheriff
337,ukraine damage
338,second amendment
339,conceal carry
340,senate foreign relation committee
341,abortion law
342,armed service committee
343,jack reed
344,ozera
345,trigger
346,air power
347,fighter jet
348,andriy voznenko
349,roe v wade leak
350,cemetery
351,hakeem jeffries
352,dan sullivan
353,russian occupation
354,blood
355,blood bank
356,blood drive
357,laptop
358,m1 chip
359,macbook air
360,macbook
361,mac
362,m2 chip
363,m2
364,m1
365,computer
366,tperspective
367,perspective
368,bat hell
369,id anything love wont
370,marvin lee aday
371,jim steinman
372,meat loaf
373,rocky horror picture show
374,fight club
375,wayne world
376,paradise dashboard light
377,tech giant
378,medium giant
379,elon
380,platform
381,freedom speech
382,food
383,minnesota
384,diaspora
385,trump endorsement
386,hershel walker
387,ukrainian village
388,tax season 2022
389,borsht
390,stacey abrams
391,lucy mcbath
392,veselka
393,escape
394,mitigation
395,mayor
396,jb pritzker
397,substantial transmission
398,explosive
399,mine
400,permanent normal trade relation
401,landmines
402,high transmission
403,muriel bowser
404,john carney
405,community transmission
406,russian trade
407,phil murphy
408,trade russia
409,sanction russia
410,student loan cancel
411,russia doping
412,roc
413,world doping agency
414,russian doping scandal
415,russian olympic committee
416,2022 beijing olympic game
417,goalie
418,senate vote ketanji brown jackson
419,knock
420,knock warrant
421,ovechkin
422,matchup
423,constitution
424,florida panther
425,vitek vanecek
426,great 8
427,goaltender
428,louisville police
429,knock raid
430,policing u
431,abortion pill
432,breonna taylor knock
433,amir locke
434,preview
435,peter laviolette
436,playoff
437,alexander
438,round one
439,samantha pell
440,brown jackson
441,ilya samsonov
442,police investigation
443,washington capital
444,gun sale
445,background
446,gun legislation
447,uvalde active shooter
448,lawyer
449,uvalde elementary school shooting
450,gun background check
451,uvalde shooter
452,actor
453,bob saget death
454,fuller house
455,full house
456,reuse
457,america funniest home video
458,kn95
459,bob saget
460,michelle singletary
461,orthodox easter
462,n95 mask
463,kn95 mask
464,n95
465,bob saget dead
466,respirator
467,bring booze
468,matt hancock
469,dominic cummings
470,partygate
471,allegra stratton
472,hill
473,jerome horton
474,big fish
475,opah
476,fish
477,fishery
478,obama trayvon martin
479,florida shooting
480,blm
481,ocean warming
482,black life matter movement
483,lawmaker
484,lobster
485,tracy martin
486,sen rob portman
487,drone
488,noaa
489,trayvon
490,parlament
491,son would look like trayvon
492,stand ground
493,capital
494,trayvon martin
495,2012 shooting
496,10 year anniverary trayvon martin
497,population
498,sen richard durbin
499,ivanna klympushtsintsadze
500,lisa murkowski
501,resolution
502,john barrasso
503,michael mccaul
504,ronna mcdaniel
505,voted sticker
506,board election
507,human head spider
508,humor
509,youth
510,voted
511,charles e schumer
512,congresswoman
513,woman health protection act
514,viral
515,ulster county
516,civic engagement
517,sticker
518,judy chu
519,national economic council
520,monetary policy
521,monetary
522,treasury department
523,inflationary pressure
524,stimulus
525,council economic adviser
526,fiscal
527,jared bernstein
528,fiscal policy
529,supreme court justice ketanji brown jackson
530,metropolitan museum art
531,billie eilish
532,alicia key
533,met gala
534,vanessa hudgens
535,met
536,pete davidson
537,janelle monáe
538,anna wintour
539,camila cabello
540,gilded age fashion
541,red carpet
542,jackson senate confirmation vote
543,fredrik robertsson
544,jackson confirmation
545,blake lively
546,gilded glamour
547,lithuania
548,french presidential election
549,supreme court draft opinion abortion
550,supreme court draft opinion
551,winter game
552,boycott
553,human right
554,closed loop
555,skeleton
556,freestyle
557,mariah bell
558,alysa liu
559,mogul
560,surfside news
561,surfside settlement
562,miami condo
563,surfside condo collapse
564,condo florida
565,surfside
566,surfside update
567,russian strike
568,majority
569,senate rule
570,senate filibuster
571,voter fraud
572,election fraud
573,david perdue
574,brad raffensperger
575,voting restriction
576,gubernatorial
577,jody hice
578,bomb
579,lie
580,wilmington
581,black voter
582,guideline
583,black america
584,black voter matter
585,janssens market
586,black community
587,jeffrey
588,traveling
589,air support
590,prince andrew
591,robert
592,giuffre
593,baggage
594,epstein
595,travel
596,trafficking
597,flight
598,delayed flight
599,canceled flight
600,airport
601,killing
602,albuquerque
603,muslim men
604,jennifer freyd
605,sexual violence
606,domestic violence
607,heard
608,depp
609,deter
610,john maynard keynes
611,deterrent
612,work
613,nixon
614,fiveday workweek
615,40hour workweek
616,fourday workweek
617,workforce
618,shorten workweek
619,social distance
620,asynchronous
621,stay home
622,international law
623,eighthour workday
624,workweek
625,tampon
626,bubble
627,birthday
628,labor shortage
629,parkinson law
630,burnout crisis
631,labor activism
632,overwork
633,party
634,genocide
635,booze
636,great resignation
637,sue gray
638,war criminal
639,weekend
640,critical race theory
641,weapon
642,cheyney
643,environment
644,law enforcement
645,mental health
646,speaker house
647,biden supreme court pick
648,pay gap
649,sexism
650,korea
651,supreme court pick
652,first black woman supreme court nominee
653,first black woman supreme court
654,yoon sukyeol
655,united state senate
656,gender issue
657,winter park
658,lgbtq right
659,florida parental right bill
660,florida dont say gay bill
661,dont say gay
662,lgbtq student
663,gov desantis
664,dont say gay bill
665,parental right
666,macron victory
667,anti abortion
668,ipad
669,privacy
670,stephen
671,online privacy
672,google play
673,underage
674,ftc
675,coppa
676,deficit
677,pat toomey
678,gold medal
679,minority leader
680,banned substance
681,dick
682,leondra kruger
683,sen
684,j michelle child
685,blumenthal
686,durbin
687,kathy hochul
688,senator mitch mcconnell
689,jan 6 committee alex holder
690,ivanka trump unprecedented
691,unprecented docuseries
692,alex holder washington post
693,jan 6 committee ivanka
694,mississippi
695,arkansas
696,jon gerberg
697,beto orourke interruption
698,beto orourke interrupted
699,right chose
700,beto orourke
701,barret
702,gov greg abbott
703,eric adam
704,supreme court roe v wade
705,bide
706,supreme court justice abortion
707,abortion case
708,supreme court confirmation hearing
709,center disease control prevention
710,rhode island hospital
711,supreme court confirmation
712,governor greg abbott
713,texas shooting
714,campus
715,cancellation
716,fafsa
717,ukranian
718,elizabeth warren
719,financial aid
720,taccountable
721,accountable
722,student loan
723,higher education
724,federal student loan
725,viktoriya oseledko
726,loan
727,anton skudarnov
728,college
729,student debt
730,clyburn
731,blackbyrn
732,romney
733,amber ferguson washington post
734,app store
735,metaverse
736,consumer tech
737,yukai
738,kid
739,cat
740,ces2022
741,gadget
742,robot
743,ce
744,england
745,tvideo element
746,downplay
747,tom emmer
748,mar lago
749,troy nehls
750,rand paul
751,mashup
752,trump mob
753,trump 2020 election lie
754,january 6 insurrection
755,protrump mob
756,new jersey governor
757,james clyburn
758,police reform
759,lie state
760,rotunda
761,nevada
762,harry reid
763,noknock warrant
764,medium reporting
765,bias
766,true crime
767,washington post investigation
768,jenn abelson
769,nicole dungca
770,black life matter
771,mayor eric adam
772,bronx
773,william barr
774,alex cannon
775,richard donoghue
776,barr
777,bill barr
778,bill stepien
779,januar 6
780,fauic
781,cyber attack
782,full frontal samantha bee
783,late night
784,samantha bee
785,woman host
786,samsung
787,four crisis
788,earth
789,nse ufot
790,heather mcteer toney
791,mark zandi
792,greenhouse gas
793,inauguration
794,leana wen
795,anniversary
796,one year
797,one year mark
798,derrick johnson
799,jan 6 commission news
800,january 6 committee news
801,california return office
802,jan 6 committee news
803,january 6 commission vote
804,rto
805,vote jan 6 commission
806,january 6 committee member
807,wfh
808,mountain view
809,insurrection commission
810,insurreciton
811,insurrection committee
812,work home
813,bay view
814,2016 election
815,2012 election
816,2014 election
817,epiphany
818,negotiate
819,obstruct
820,ukraine hospital
821,ukraine mother
822,chris hixon
823,capitalism
824,parkland
825,background check
826,antiwork
827,topinion
828,ken burn
829,marjory stoneman douglas
830,sherrod brown
831,rachel joy scott
832,aopinions
833,gina rose montalto
834,red flag
835,worker
836,amazon
837,editorial
838,red flag law
839,organized labor
840,gilded age
841,jesse lewis
842,warrior met
843,sopinions
844,paris
845,price gas
846,gas price gouging bill
847,gas price high
848,gas expensive
849,gas tax holiday biden
850,federal gas tax
851,gas tax holiday congress
852,gas tax break
853,gas tax holiday
854,facebook video
855,newsroom
856,social video
857,war coverage
858,meltdown
859,freakout
860,reporting
861,medium coverage
862,warzone
863,psychology
864,public
865,war reporter
866,ukrainerussia war
867,open source investigation
868,open source
869,instagram
870,visual forensics
871,visual investigation
872,psychologist
873,outburst
874,teacher strike
875,kid covid
876,magdalena andersson
877,zoom class
878,school district
879,arrive
880,school closed
881,school closure
882,parliament
883,virtual learning
884,omicron school
885,rapid testing
886,omicron kid
887,balcony
888,ally
889,omicron classroom
890,remote learning
891,nato application
892,covid school
893,covid teacher
894,covid testing
895,cps
896,chicago teacher
897,obituary
898,car crash
899,unproven
900,fox business network
901,hydroxychloroquine
902,false
903,zinc
904,jackie walorski
905,ivermectin
906,andy harris
907,indiana
908,autopilot
909,full self driving
910,cnn
911,operation fly formula
912,self driving
913,mike mullen
914,formula shortage
915,baby formula shortage
916,baby food shortage
917,beta
918,week
919,baby formula
920,autonomous
921,pete aguilar
922,reinstate
923,brian kemp
924,dan meuser
925,section 230
926,alok vaidmenon
927,queer joy
928,governor
929,queer
930,gender binary
931,nonbinary
932,activist
933,trans
934,google
935,delaware
936,republican national committee
937,biden russia
938,bunker
939,walenski
940,rnc
941,censure
942,biden ukraine
943,kyrsten sinema
944,kbj
945,albright funeral
946,bill clinton
947,madeleine albright funeral
948,aquilino gonell
949,harry dunn
950,madeleine albright dead
951,u house representative
952,cannon building
953,albright
954,snowing
955,capital weather gang
956,dc snow storm
957,displaced
958,ukrainian refugee
959,snowstorm
960,traffic
961,fraud
962,covid19 relief
963,small business
964,bring home
965,humanitarian aid
966,press freedom
967,kate woodsome
968,washington post opinion
969,iran
970,iran hostage
971,victoria j nuland
972,oculus
973,workout
974,thrill fight game
975,meta
976,cannot remain power
977,exercise
978,quest 2
979,putin remain power
980,putin power
981,putin cannot remain power
982,headset
983,supernatural game
984,biden poland
985,virtual reality
986,regime
987,fitness
988,review
989,tatum hunter
990,newtown
991,columbine
992,android
993,ava wallace
994,washington wizard
995,denys shmyhal
996,author
997,salman rushdie
998,austria
999,karl nehammer
1000,streetwear
1001,david beasley
1002,wizard
1003,kyle kuzma
1004,dmytro kuleba
1005,apple
1006,software
1007,studen loan debt
1008,forgiveness
1009,steve bannon
1010,superbowl
1011,vince lombardi
1012,downing street
1013,lockdown
1014,capitol hill
1015,green bay sweep
1016,overturn election
1017,packer
1018,national security adviser
1019,treatment
1020,fastiv
1021,byshiv
1022,board
1023,trump attorney
1024,trump attorney eastman
1025,trump lawyer
1026,january 6 committee finding
1027,trump legal team
1028,john eastman
1029,eastman
1030,nuclear war
1031,nofly zone
1032,repeated settlement
1033,steven rich
1034,police settlement
1035,keith alexander
1036,unsc
1037,india
1038,sactions
1039,congressional investigation
1040,russian war crime
1041,biden investigation
1042,hunter biden
1043,atrocity
1044,biden white house
1045,debt
1046,yellen
1047,colorado
1048,child tax credit
1049,certification
1050,january
1051,breach
1052,6th
1053,coup
1054,capitol police chief
1055,palestinianamerican
1056,palestinian territory
1057,shireen abu akleh
1058,jerusalem
1059,israeli troop
1060,occupied territory
1061,israeli military
1062,al jazeera
1063,west bank
1064,shireen funeral
1065,jenin
1066,palestine
1067,misconduct
1068,toxic workplace
1069,sexual
1070,allegation
1071,giuliani
1072,fulton county
1073,fani willis
1074,brad raffensberger
1075,rudy giuliani
1076,polestar
1077,electric
1078,river rouge
1079,electric truck
1080,brian monroe
1081,hyundai ioniq 5
1082,electric automobile
1083,ron kaltenbaugh
1084,bill ford
1085,electric car
1086,electrify americal
1087,wife
1088,cadillac
1089,buick
1090,chemotherapy
1091,matt anderson
1092,march job report
1093,frunk
1094,ford pickup
1095,jim farley
1096,ford lightning
1097,evadc
1098,anthony lambkin
1099,ford f150 lightning
1100,executive order
1101,george floyd death anniversary
1102,policing executive order
1103,monarch
1104,hobbs v jackson woman health organization
1105,ban
1106,storm
1107,capitol attack jan 6
1108,2020 election falsehood
1109,russia bombing
1110,ukraine trench
1111,maidan
1112,unity day
1113,justice alito
1114,racial justice
1115,captiol attack
1116,trumpers
1117,cheney
1118,election integrity
1119,barack obama
1120,oklahoma oil
1121,high oil price
1122,oil production
1123,oklahoma city
1124,oil well
1125,city perry
1126,noble county
1127,oil drilling
1128,oklahoma city university
1129,oklahoma oil boom
1130,charter oak production
1131,joe brevetti
1132,devon energy tower
1133,roughneck
1134,perry
1135,mineral right
1136,steve agee
1137,rus meacham
1138,bob rita park
1139,proud boy
1140,militant
1141,trump announcement
1142,2024 election candidate
1143,reelection
1144,trump reelection campaign
1145,documentary
1146,trump reelection
1147,twitter
1148,2024 candidate
1149,biden reelection
1150,trump campaign
1151,biden campaign
1152,whitney shefte
1153,ukraine territorial defence
1154,ukraine dead
1155,ukraine bomb shelter
1156,wft
1157,dan snyder
1158,fedex field
1159,snyder
1160,bus
1161,land mine
1162,nicotine
1163,red cross
1164,redskin
1165,redskin new name
1166,commander
1167,admiral
1168,wft new name
1169,equal protection clause
1170,u constitution
1171,birthright citizenship
1172,brown v board education
1173,2014 invasion
1174,samesex marriage
1175,belarus troop
1176,2014 war
1177,14th amendment
1178,ukraine sanction
1179,obergefell v hodges
1180,civil right
1181,urkraine talk
1182,speaks
1183,2024
1184,biden ukraine announcement
1185,putin invasion
1186,russian invasion ukraine
1187,military air
1188,brian deese
1189,anthony fauci
1190,cbs
1191,sandy hook elementary
1192,iud
1193,morningafter pill
1194,birth control
1195,coronavirus vaccine
1196,american manufacturing
1197,industry
1198,sandy hook
1199,economic sanction
1200,rino
1201,labor
1202,pac
1203,trumper
1204,trump rally
1205,fund
1206,fundraising
1207,contraceptive
1208,plan b
1209,uk government resignation
1210,chris pincher
1211,larry cat
1212,boris johnson resignation
1213,british prime minister
1214,fashion
1215,alexandria ocasiocortez
1216,tampa bay
1217,house democrat
1218,criminalization abortion
1219,pultizer prize
1220,columbia university
1221,spotify
1222,neil young
1223,real joe rogan experience
1224,joe rogan
1225,brene brown
1226,joni mitchell
1227,breonna taylor
1228,prepare recession
1229,saving money
1230,senate bill
1231,stamp
1232,postage
1233,nancy reagan
1234,academy award highlight
1235,coda
1236,chris rock
1237,gender
1238,best picture 2021
1239,oscar highlight
1240,oscar 2021
1241,smith slap
1242,best picture 2022
1243,steven engel
1244,jeffrey rosen
1245,jeffrey clark
1246,jackson
1247,jan 6 committee hearing
1248,colorado fire
1249,colorado wildfire
1250,new year fire
1251,jared polis
1252,middle fork fire
1253,downed power line
1254,governor polis
1255,dry condition
1256,roe v wade ruling
1257,roe v wade opinion
1258,team usa
1259,tax abortion law 2021
1260,big air
1261,kristen santos
1262,short track speed skating
1263,winter vinecki
1264,slopestyle
1265,carlo valdes
1266,beijing winter olympics 2022
1267,kai owen
1268,bejing 2022
1269,mac forehand
1270,maame biney
1271,alexa knierim
1272,eastern europe
1273,kevinjohnson
1274,seiu
1275,starbucks
1276,starbucks worker united
1277,howard schultz
1278,chelsea handler
1279,gen z
1280,jimmy fallon
1281,union busting
1282,stephen colbert
1283,plea
1284,entertainnment
1285,biden zelensky
1286,mexico border
1287,rural hospital
1288,imperial county
1289,icu
1290,california
1291,ukraineotan
1292,far left
1293,far right
1294,bill
1295,criminal justice
1296,apps
1297,draft decision
1298,roe overturned
1299,technology
1300,birth
1301,top grocery
1302,reproduction
1303,trump organization
1304,reproductive
1305,ny ag
1306,new york attorney general
1307,leticia james
1308,abortion activist
1309,economic indicator
1310,highland park police
1311,fourth july parade
1312,key moment
1313,crisis
1314,fly zone
1315,disaster relief
1316,first lady jill biden
1317,step
1318,russiaukraine invasion
1319,russoukrainian war
1320,backup
1321,webb
1322,saving
1323,star
1324,help desk
1325,galaxy
1326,howto
1327,dj ukraine
1328,clean rave ukraine
1329,cleanup rave
1330,techno ukraine
1331,guide
1332,universe
1333,whitney leaming ukraine
1334,volunteer clean ukraine
1335,helpdesk
1336,cleanup rave ukraine
1337,james webb space telescope
1338,recovery
1339,repair together ukraine
1340,russian occupation ukraine
1341,jan 6 investigation
1342,restore
1343,yahidne
1344,telescope
1345,chris murphy
1346,julianne smith
1347,ro khanna
1348,work culture
1349,mark warner
1350,dictator
1351,jim risch
1352,vr
1353,conservative
1354,henry ford
1355,medical debt
1356,surprise billing
1357,stephen breyer
1358,nominate
1359,xavier becerra
1360,debt crisis
1361,obamacare
1362,chernhiv
1363,ukraine evacuation
1364,sexual assault legislation
1365,hr 4445
1366,gas tax
1367,gas price go
1368,ukraine navy
1369,ukraine port
1370,chris coon
1371,contraception
1372,race
1373,iphone
1374,maine
1375,reproductive healthcare
1376,desantis
1377,19 dead
1378,child killed
1379,bronx fire
1380,bronx apartment fire
1381,child dead
1382,killed
1383,new york fire
1384,space heater
1385,speed skating
1386,misinformation
1387,remington
1388,disinformation
1389,rifle
1390,pregnancy
1391,stephen bryer
1392,ketanji brown jackson confirmation
1393,ketanji brown jackson senate vote
1394,ketanji brown jackson hearing
1395,judge ketanji brown jackson vote
1396,ketanji brown jackson vote
1397,so cuba
1398,protestas 11 de julio cuba
1399,fidel castro
1400,protestas en cuba
1401,11 de julio
1402,cuba became dictatorship
1403,cuba docu
1404,cuba documentary
1405,cuba explained
1406,j11
1407,july 11
1408,cuba protestas 2021
1409,cuba protest
1410,cuban exile
1411,prolife
1412,lesbian
1413,pride month
1414,gay
1415,brittney griner
1416,karine jean pierre
1417,nhl
1418,hockey
1419,fda
1420,stanley cup
1421,reproductive right
1422,irpen
1423,roe v wade overturned
1424,scarlet witch
1425,multiverse madness
1426,wanda
1427,marvel
1428,elizabeth olsen
1429,griner
1430,great replacement theory
1431,el paso
1432,new zealand
1433,artillary round
1434,russian weapon
1435,replacement theory
1436,house minority leader kevin mccarthy
1437,senate minority leader mitch mcconnell
1438,senate majority leader charles e schumer
1439,house speaker nancy pelosi
1440,replacement
1441,tank round
1442,infation
1443,immigrant
1444,unexploded ordinance
1445,brian kilmeade
1446,house gop
1447,barrett
1448,abortion restriction
1449,antichoice
1450,sotomayor
1451,kagan
1452,robert court
1453,thomas
1454,dan syder
1455,sexual harassment
1456,workplace
1457,social service
1458,pulitzer
1459,columbia
1460,earth day
1461,prize
1462,university
1463,unemployment
1464,mlk holiday
1465,winter weather
1466,winter 2022
1467,dc weather
1468,ronald moultrie
1469,kirsten gillibrand
1470,space force
1471,woman health
1472,uap
1473,congressional hearing
1474,department national intelllgence
1475,dod
1476,department defense
1477,science
1478,scott bray
1479,uaps
1480,secret
1481,security assistance
1482,person interest
1483,community
1484,grocery store
1485,black
1486,subway
1487,keechant l sewell
1488,kyiv oblast
1489,biden state union
1490,russia attack ukraine
1491,biden sotu russia
1492,biden state union address
1493,biden state union speech
1494,biden sotu
1495,biden address
1496,sotu 2022
1497,president speech
1498,yellowstone
1499,yellowstone national park
1500,commencement
1501,u navy
1502,graduation
1503,james risch
1504,defund police
1505,accountability
1506,massachusetts
1507,bobsled
1508,skiing
1509,migration
1510,synagogue
1511,zoeann murphy
1512,support
1513,erin patrick oconner
1514,tetyana dzhula
1515,medicine
1516,dora chomiak
1517,ukraine village
1518,video reporting
1519,video journalism
1520,combat
1521,nonprofit
1522,supply
1523,national park
1524,quarantine
1525,omarion
1526,contagious
1527,resign
1528,faq
1529,janet yellen
1530,infectious disease
1531,transmission
1532,genetic mutation
1533,highly transmissible
1534,know
1535,symptom
1536,infectious
1537,test positive
1538,isolation
1539,great replacement
1540,cbs news
1541,annalena baerbock
1542,state farm
1543,rt
1544,russian propaganda
1545,bec
1546,national prayer breakfast
1547,odessa bomb shelter
1548,catacomb
1549,odessa catacomb
1550,ukraine fighting
1551,tuberculosis
1552,first gentleman
1553,covid19 end
1554,dora vargha
1555,lapid
1556,historian
1557,cancer moonshot
1558,ebola
1559,jeremy greene
1560,hivaids
1561,pandemic end
1562,jd vance
1563,capitol police
1564,attorney general merrick garland
1565,abortion constitution
1566,antiabortion activist
1567,kremlin
1568,sinvestigations
1569,aoodef
1570,roger goodell
1571,monkeypox spread
1572,left
1573,far
1574,forward
1575,global health emergency
1576,candidate
1577,pecresse
1578,issue
1579,world health organization
1580,rick noack
1581,gay men
1582,bisexual men
1583,voter
1584,white supremacist
1585,dick durbin
1586,charles grassley
1587,volunteer
1588,supreme court ruling texas abortion law
1589,democratic leadership
1590,wall street
1591,violence
1592,podcast
1593,agriculture
1594,farming
1595,smallpox
1596,wyoming
1597,khan
1598,karim
1599,joanne
1600,mariner
1601,amnesty
1602,netherlands
1603,hague
1604,icc
1605,international
1606,whiting
1607,alex
1608,kahn
1609,u airline pilot job
1610,u airline
1611,flight instructor
1612,flight academy
1613,memorial
1614,first officer
1615,pilot
1616,pilot supply
1617,matt sinibaldi
1618,indianapolis
1619,flight training
1620,flight school
1621,new pilot
1622,ed bagden
1623,airline pandemic
1624,regional airline
1625,pilot shortage
1626,airline covid
1627,u pilot shortage
1628,bryan bedford
1629,sarah caldwell
1630,lift academy
1631,republic airway
1632,mike droese
1633,buffalo mayor byron brown
1634,republic lift academy
1635,testing
1636,cdc guideline
1637,san antonio
1638,san antonio death
1639,illegal immigration
1640,semi trailer migrant death
1641,migrant tractor trailer
1642,migrant death
1643,semi trailer death
1644,san antonio trailer
1645,demining
1646,human trafficking
1647,texas tractor trailer death
1648,border assylum
1649,assylum
1650,u border
1651,tractor trailer death
1652,human smuggling
1653,noel buscharmendariz
1654,uxo
1655,report
1656,u mexico border
1657,gavin rogers
1658,chiago
1659,independence day parade
1660,test
1661,breaking
1662,rule
1663,flouting
1664,positive
1665,staff
1666,street
1667,downing
1668,berlin wall
1669,billionaries
1670,security service
1671,roger wicker
1672,kgb
1673,west
1674,gun law
1675,2020
1676,jan 6 select committee
1677,late night tv
1678,late night host
1679,senate gop
1680,jayland walker
1681,akron police
1682,unionization
1683,tesla
1684,washington redskin
1685,washington football team
1686,amy gardner
1687,interview
1688,jackie alemany
1689,elaine luria
1690,tom rice
1691,kate starbird
1692,fred upton
1693,graham brookie
1694,ashley parker
1695,russia day 4
1696,russian aggression ukraine
1697,french election
1698,russia day four
1699,capetown
1700,ukrainian invasion
1701,uber
1702,white house press conference
1703,drug overdose
1704,fentanyl
1705,opioids
1706,press secretary karine jeanpierre
1707,street overdose response team
1708,san francisco
1709,london breed
1710,overdose
1711,homeless
1712,narcan
1713,opioid crisis
1714,tenderloin
1715,top supermarket
1716,tv
1717,season finale
1718,kyle mooney
1719,aidy bryant
1720,pete davdison
1721,power outage
1722,text
1723,moldova refugee
1724,egg roll
1725,romania refugee
1726,mcconnell
1727,baby
1728,postal service reform act 2022
1729,potus
1730,postal service
1731,urkaine
1732,ben sasse
1733,soldier
1734,medal honor
1735,medal
1736,vietnam
1737,ba2
1738,ba1
1739,spike
1740,wave
1741,stealth
1742,abortion ban
1743,ukraine death toll
1744,ashish jha
1745,marshall fire
1746,reproductive health
1747,alabama
1748,judge
1749,olaf scholz
1750,elise stefanik
1751,cobalt
1752,oil price
1753,neon
1754,commodity
1755,phillip streible
1756,copper
1757,chip shortage
1758,russian commodity
1759,titanium
1760,ukraine grain
1761,russian grain
1762,grain
1763,boeing
1764,russian airspace
1765,palladium
1766,semiconductor shortage
1767,ukraine war impact
1768,susanne wengle
1769,clinton
1770,history
1771,senator
1772,love
1773,adrian diaz
1774,tim koleto
1775,treasury secretary
1776,madison chock
1777,evan bates
1778,romance
1779,madison hubbell
1780,zachary donohue
1781,skating
1782,couple
1783,ice dance
1784,misato komatsubara
1785,biden full speech
1786,shooter
1787,flood
1788,jermone powell
1789,pride
1790,justice breyer
1791,american rescue plan
1792,president joseph robinette biden
1793,pension
1794,america rescue plan
1795,fox news
1796,ron johnson
1797,formula
1798,vice president
1799,elon musk
1800,samesex marriage bill
1801,white supremacy
1802,wordle
1803,prime
1804,ukraine confict
1805,ukraine voluteers
1806,boris
1807,johnson
1808,cold open
1809,minister
1810,restriction
1811,economics
1812,blizzard condition
1813,russia military build
1814,russia ukraine conflict
1815,bomb cyclone
1816,military drill
1817,military exercise
1818,cape cod
1819,snow
1820,new york city snow
1821,ukraine diplomacy
1822,boston
1823,u troop ukraine
1824,snow 2022
1825,u eastern europe
1826,ukraine force
1827,macron putin
1828,russia ukraine border
1829,voting
1830,child
1831,bill murray
1832,presser
1833,winter
1834,friday
1835,punxsutawney phil
1836,groundhog
1837,spring
1838,model
1839,einter
1840,groundhog day
1841,tiktok
1842,energy cost
1843,rising cost
1844,trump criminal investigation
1845,january 6 committee investigation
1846,trump criminal probe
1847,olympics boycott
1848,christian shepherd
1849,china freedom
1850,daron taylor
1851,china human right
1852,winter olympics begin
1853,winter olympics start
1854,china olympics
1855,olympic game
1856,china winter olympics
1857,le carpenter
1858,beijing winter game
1859,black sea
1860,beijing summer game 2008
1861,jules boykoff
1862,la vega flooding
1863,booster
1864,gambling
1865,tstoryful
1866,casino
1867,ohio
1868,funeral
1869,transgender
1870,bomb shelter
1871,analysis
1872,tanalysis
1873,price hike
1874,usa
1875,omicron symptom
1876,lanham
1877,dmv covid
1878,doctor
1879,dmv
1880,luminis health
1881,omicron surge
1882,coronavirus symptom
1883,md covid case
1884,dc covid case
1885,dc omicron
1886,covid hospital
1887,john fetterman
1888,pennsylvania midterm
1889,fetterman campaign
1890,snooki
1891,mehmet oz
1892,dr oz
1893,dr oz new jersey
1894,midterm race
1895,pennsylvania race
1896,little steven
1897,oz campaign
1898,gorsuch
1899,kavanaugh
1900,10 downing street
1901,mccarthy
1902,pope francis
1903,catholic church
1904,residential school
1905,speaker
1906,former president trump
1907,mastriano
1908,budd
1909,2022 primary
1910,election denier
1911,2022 election
1912,election 2022
1913,primary race
1914,breyer
1915,regime change
1916,beijing winter olympics
1917,idaho
1918,israel
1919,active shooter
1920,response
1921,oklahoma
1922,trump fbi
1923,fbi raid
1924,fbi investigation
1925,trump investigation
1926,federal bureau investigation
1927,trump document
1928,maryland
1929,uk
1930,john robert
1931,majority opinion
1932,fed
1933,domestic terrorist
1934,july 4th parade
1935,july fourth parade
1936,chicago shooting
1937,july fourth shooting
1938,oped
1939,july 4th shooting
1940,fourth july
1941,duda
1942,joe
1943,american
1944,polish
1945,corps
1946,kyiv tv tower
1947,strike
1948,settlement
1949,legal
1950,nola tornado
1951,new orleans tornado
1952,new orleans
1953,tornado warning
1954,louisiana
1955,elementary school
1956,scott perry
1957,dc
1958,january 6 committee hearing
1959,chicago
1960,invade
1961,reporter
1962,trucking action plan
1963,boris johnson
1964,prime minister
1965,samuel alito
1966,new mexico
1967,reproductive health care
1968,zoe lofgren
1969,new jersey
1970,2022 midterm election
1971,top
1972,aclimateenvironment
1973,sclimate environment
1974,virginia
1975,madeleine albright
1976,burnout
1977,lgbtq
1978,2022
1979,oregon
1980,bennie thompson
1981,stock market
1982,melenchon
1983,matthew pottinger
1984,sarah matthew
1985,zemmour
1986,law
1987,winter olympics
1988,counterterrorism
1989,fire arm
1990,oversight reform
1991,syria
1992,isi
1993,abu ibrahim alhashimi alqurayshi
1994,ad
1995,super bowl ad
1996,oversight
1997,ruger
1998,chevrolet
1999,hbo
2000,milley
2001,austin
2002,insurrection anniversary
2003,biden anniversary speech
2004,capitol mob anniversary
2005,kyiv shelling
2006,kyiv destruction
2007,kyiv apartment building
2008,madrid
2009,job report
2010,job number
2011,politico leak
2012,tech
2013,supreme court ruling
2014,supreme court ruling roe v wade
2015,negative
2016,supreme court decision roe v wade
2017,mass shooter
2018,ufo
2019,covid symptom
2020,ukrainian
2021,victim
2022,anthony blinken
2023,fbi search
2024,ukraine gas line
2025,mark finley
2026,mazut
2027,price oil
2028,clean energy
2029,renewable energy
2030,russia oil ban
2031,james cornsilk
2032,steve job
2033,denzel washington
2034,john mccain
2035,simone byles
2036,medal freedom
2037,rappnoe
2038,award ceremony
2039,2022 midterm
2040,sotu response
2041,house republican
2042,bill cassidy
2043,ned price
2044,democratic
2045,surge
2046,first lady
2047,conflict
2048,border
2049,flooding
2050,tornado
2051,protection
2052,post
2053,russia convoy
2054,george floyd
2055,social medium
2056,kharkiv shelling
2057,kharkiv attack
2058,kharkiv bombing
2059,russia cluster bomb
2060,russia offensive
2061,putin speech
2062,ukraine occupation
2063,ukraine vigil
2064,pysanka
2065,judicial
2066,pysanky
2067,louie gohmert
2068,resistance
2069,sophia
2070,ukrainian american institute
2071,cultural
2072,ukrainian culture
2073,ukrainian easter
2074,east village
2075,easter egg
2076,sofika
2077,anitwar
2078,sofika zielyk
2079,journalism
2080,le pen
2081,washington commander
2082,extreme weather
2083,ahmaud arbery
2084,sentencing
2085,brunswick
2086,pussia attack
2087,selensky
2088,ukraine attack
2089,ghost gun
2090,abuse
2091,weather
2092,scrutiny
2093,alex moffat
2094,star born
2095,cecily strong
2096,fox news ukraine
2097,steven seagal
2098,funny valentine
2099,mikey day
2100,shallow
2101,racist
2102,governor greb abbott
2103,uvalde texas shooting
2104,kansa abortion
2105,kansa abortion question
2106,kansa abortion referendum
2107,kansa abortion result
2108,zoo
2109,kyiv zoological park
2110,animal
2111,ukraine update
2112,ukraine news
2113,ukraine russia update
2114,ukraine russia news
2115,washington
2116,january 6 investigation
2117,russia missile
2118,ukraine air strike
2119,mask mandate
2120,exhaust fume
2121,honking
2122,south africa
2123,press
2124,culture
2125,ukrainian village voice
2126,biden sanction
2127,rick scott
2128,ethic
2129,cory booker
2130,federal reserve chair jerome h powell
2131,france
2132,sumy
2133,polish border
2134,ukraine donate
2135,sscience
2136,ascience
2137,dnipro
2138,healthcare
2139,mykolaiv
2140,confirmation hearing
2141,kansa
2142,maga mob
2143,mishandle
2144,server
2145,hack
2146,2016 campaign
2147,2016
2148,iraq
2149,beau biden
2150,lauren boebert
2151,leaked draft
2152,burn pit
2153,tex
2154,remark
2155,update
2156,rain
2157,voting right act
2158,jake sullivan
2159,politico
2160,unprecedented documentary
2161,unprecedented trump
2162,donald trump documentary
2163,january 6th trump
2164,unprecedented discovery
2165,unprecedented
2166,jan 6th committee
2167,alex holder january 6th
2168,eric trump
2169,alex holder trump
2170,abusiness
2171,sbusiness
2172,primary election
2173,aileen frisch
2174,tokyo
2175,gu ailing
2176,pyongchang
2177,beverly zhu
2178,naturalization
2179,naturalized citizen
2180,zhu yi
2181,viktor ahn
2182,epa
2183,justice stephen g breyer
2184,vaccine protest
2185,vaccine passport
2186,mandate freedom
2187,electric vehicle
2188,gas
2189,germany
2190,budget
2191,fiscal year 2023
2192,illinois
2193,january 6 hearing
2194,robb elementary school shooting
2195,national riffle association
2196,2nd amendment
2197,ukrainian troop
2198,vlodomir zelensky
2199,overturn
2200,art
2201,high gas price
2202,russia oil
2203,zelenksy
2204,2020 election fraud claim
2205,gunman
2206,2021
2207,fake elector
2208,president donald trump
2209,jan 6 capitol attack
2210,union
2211,domestic terrorism
2212,supreme court decision
2213,biden supreme court nominee
2214,bila tserkva blast
2215,bomb blast
2216,airline
2217,family
2218,jan 6 insurrection
2219,sochi
2220,australian open
2221,athlete
2222,rafael nadal
2223,buffalo bill
2224,tennis
2225,grand slam
2226,brooklyn net
2227,cole beasly
2228,kyrie irving
2229,tsai ingwen
2230,taipei
2231,archive
2232,eileen gu
2233,joe manchin
2234,parade
2235,july 4
2236,highland park shooting
2237,top secret
2238,affidavit
2239,scif
2240,mike mccaul
2241,brian fitzpatrick
2242,mike turner
2243,antifeminist
2244,feminist
2245,backlash
2246,misogyny
2247,ivanka trump
2248,racism
2249,alex holder unprecedented
2250,libby casey washington post
2251,january 6th
2252,right
2253,ukraine russia conflict
2254,roy blunt
2255,tom cotton
2256,mike lee
2257,john lewis
2258,feminism
2259,lloyd austin
2260,ambassador
2261,defense department
2262,russia zelensky
2263,olivia troye
2264,troye
2265,nbc
2266,texas school shooting
2267,poland refugee
2268,may 9
2269,house speaker
2270,pittsburgh
2271,prochoice
2272,
2273,climate
2274,jan6 hearing
2275,odesa
2276,brooklyn shooting
2277,trigger law
2278,global warming
2279,global
2280,outbreak
2281,cincinnati
2282,webb space telescope
2283,buffalo shooting
2284,job
2285,south korea
2286,seoul
2287,jens stoltenberg
2288,gun show
2289,firearm
2290,purchase age
2291,ev
2292,sweden
2293,ukrainianamerican
2294,palm beach
2295,michael turner
2296,washington square park
2297,uvalde school shooting
2298,union square
2299,jodey arrington
2300,volodmyr zelensky
2301,guy reschenthaler
2302,assistance
2303,quid pro quo
2304,nypd
2305,tucker carlson
2306,search warrant
2307,free speech
2308,wedding
2309,ukraine defense force
2310,basketball
2311,sport
2312,nba
2313,libby casey
2314,green bay packer
2315,january 6 committee
2316,republican party
2317,james austin johnson
2318,pro life
2319,oil
2320,immigration
2321,north carolina
2322,government
2323,chris jacob
2324,charge
2325,january 6 capitol attack
2326,mob
2327,bacon
2328,indictment
2329,indict
2330,zelenskyy
2331,jerome powell
2332,sauli niinistö
2333,bob mcnally
2334,rob portman
2335,nyc
2336,little ukraine
2337,stechnology
2338,atechnology
2339,spread
2340,oligarch
2341,pro choice
2342,xi jinping
2343,ted cruz
2344,earthquake
2345,quake
2346,tsunami
2347,73 magnitude earthquake
2348,fukushima
2349,nuclear disaster
2350,document
2351,presidential election
2352,supreme court nominee
2353,white house news conference
2354,launch
2355,rocket
2356,international space station
2357,axiom
2358,military aid
2359,mike round
2360,marsha blackburn
2361,jan 6 panel
2362,employment
2363,attorney general
2364,record
2365,steve scalise
2366,dan crenshaw
2367,slovakia
2368,prague
2369,diplomacy
2370,vice president penny
2371,macron
2372,bbb
2373,secretary state
2374,highland park
2375,leadership
2376,tulsa
2377,spacex
2378,ukraine woman
2379,abc news
2380,explosion
2381,infrastructure
2382,oksana markarova
2383,florida
2384,jan 6 attack
2385,chris lucia
2386,nursing
2387,lauren harrell
2388,contract nurse
2389,zac atwood
2390,travel nurse
2391,fulltime nurse
2392,soprano
2393,aaron rodgers
2394,affordable care act
2395,borodyanko
2396,anthony ornato
2397,testify
2398,testimony
2399,policing
2400,rhonda colvin
2401,nfl
2402,dobbs
2403,federal government
2404,presidential record act
2405,insulin price cap
2406,insulin
2407,diabetes
2408,amendment
2409,patty murray
2410,senate republican
2411,stock
2412,tax
2413,supreme court justice clarence thomas
2414,justice thomas
2415,kentucky
2416,crime
2417,epidemic
2418,taiwan
2419,associate justice
2420,justice barrett
2421,jim jordan
2422,john travolta
2423,olivia newtonjohn
2424,physical
2425,actress
2426,sandy
2427,grease
2428,died
2429,breast cancer
2430,recession
2431,emergency room
2432,anna shcherbakova
2433,alexandra trusova
2434,robert samuel
2435,kaori sakamoto
2436,invastion
2437,nsa
2438,cia
2439,diversity
2440,ariana debose
2441,2022 tony award
2442,representation
2443,play
2444,broadway
2445,tony award
2446,pelosi
2447,novak djokovic
2448,felony murder
2449,marcus arbery
2450,life sentence
2451,life without possibility parole
2452,ahmaud arbery killed
2453,ahmaud arbery killer
2454,hate crime charge
2455,lynched
2456,ahmaud arbery murdered
2457,lynching
2458,malice murder
2459,monkeypox
2460,january 6th committee
2461,daniel scavino jr
2462,doping
2463,wade
2464,tim kaine
2465,blinken
2466,robb elementary school
2467,fuel
2468,coal
2469,world
2470,jan 6 hearing
2471,security
2472,hospital
2473,impeach
2474,impeachment
2475,criminal
2476,kamila valieva
2477,john kirby
2478,police response
2479,beijing
2480,campaign
2481,trade
2482,marco rubio
2483,mitt romney
2484,sweather
2485,alocalweather
2486,anthony
2487,sec blinken
2488,territorial defence
2489,laura ingraham
2490,russian
2491,energy
2492,john cornyn
2493,ira
2494,eu sanction
2495,ruble
2496,brooklyn
2497,subway shooting
2498,interest rate
2499,peter navarro
2500,stolen election
2501,midterm election
2502,kamala harris
2503,abortion access
2504,japan
2505,death
2506,russia strkes
2507,policy
2508,kate mckinnon
2509,space
2510,morehouse college
2511,legislation
2512,voting suppresion
2513,biden voting right speech
2514,clark atlanta university
2515,election security
2516,democracy
2517,planned parenthood v casey
2518,judge jackson
2519,russia army
2520,secret service
2521,democratic party
2522,dobbs v jackson
2523,missile
2524,nih
2525,belarussian invasion
2526,cyberattack
2527,ukrainian president volodymyr zelensky
2528,whitney leaming
2529,nurse
2530,chuck grassley
2531,intelligence
2532,federal reserve
2533,case
2534,doj
2535,antony blinken
2536,afghanistan
2537,nuclear weapon
2538,beijing 2022
2539,touring
2540,william
2541,harry
2542,prince
2543,palace
2544,buckingham
2545,megan
2546,brit
2547,princess
2548,2022 winter olympics
2549,jamie raskin
2550,national security
2551,crime humanity
2552,russia withdrawal
2553,press corp
2554,journalist
2555,draft
2556,reign
2557,hollywood
2558,f16s
2559,mig29
2560,s300
2561,stinger
2562,mig29s
2563,patriot missile
2564,president trump
2565,historic
2566,sotu
2567,walensky
2568,elementary
2569,senate democrat
2570,ukrainian military
2571,funding
2572,keywords president zelensky
2573,elizabeth
2574,platinum
2575,seventy
2576,royal
2577,lukashenko
2578,sinema
2579,civilian
2580,kyic
2581,finland
2582,easter
2583,opinion
2584,state department
2585,queen
2586,pennsylvania
2587,football
2588,ukrainerussia
2589,mitch mcconnell
2590,court
2591,kate bedingfield
2592,jan 6 committee
2593,ginni thomas
2594,virginia thomas
2595,woman right
2596,box
2597,email server
2598,classified document
2599,national archive
2600,gov abott
2601,abbott
2602,travis mcmichael
2603,william roddie bryan
2604,greg mcmichael
2605,amy coney barrett
2606,munich
2607,ukraine separtists
2608,ukraine school
2609,stanytsia luhanska
2610,kindergarten shelling
2611,false flag
2612,belgium
2613,ukraine russia war
2614,ukraine devastation
2615,parent
2616,cancer
2617,buckingham palace
2618,british monarch
2619,house windsor
2620,elizabeth ii
2621,judge ketanji brown jackson
2622,osha
2623,vaccine policy
2624,platinum jubilee
2625,queen elizabeth ii
2626,select committee
2627,figure skating
2628,state union 2022
2629,brussels
2630,saturday night live
2631,civilian casualty
2632,nuclear superpower
2633,javelin missile
2634,siege
2635,sergei lavrov
2636,stinger missile
2637,new york city
2638,world court
2639,josh hawley
2640,snl
2641,amy klobuchar
2642,evacuate
2643,email
2644,adam schiff
2645,british
2646,supply chain
2647,entertainment
2648,ukraine poland
2649,search
2650,luhansk
2651,health
2652,inflation reduction act
2653,hillary clinton
2654,nasa
2655,mask
2656,freedom vote act
2657,european union
2658,crimea
2659,live event
2660,chernihiv
2661,stare decisis
2662,confirm
2663,casey v planned parenthood
2664,donbas region
2665,mass murder
2666,investigation
2667,senate judiciary committee
2668,vice president harris
2669,white house press secretary
2670,john lewis voting right act
2671,shelling
2672,school
2673,civilian murdered
2674,ukraine invaded
2675,execution
2676,lethal aid
2677,russian atrocity
2678,committee
2679,ceasefire
2680,january 6 select committee
2681,raid
2682,leak
2683,clarence thomas
2684,midterm
2685,confirmation
2686,atlanta
2687,manchin
2688,decision
2689,ruling
2690,musical
2691,russian force
2692,judiciary
2693,department justice
2694,texas abortion ban
2695,supreme court abortion
2696,charles schumer
2697,gun right
2698,pentagon
2699,rally
2700,freedom convoy 2022
2701,ottawa occupation
2702,ottawa seige
2703,vaccine mandate protest
2704,cdc
2705,buffalo
2706,precedent
2707,robb elementary
2708,alito
2709,leaked draft opinion
2710,russian advance
2711,ruby mellen
2712,javelin
2713,kevin mccarthy
2714,primary
2715,aid
2716,kharkiv strike
2717,ukraine gun
2718,ukraine civil defense
2719,aoc
2720,cassidy hutchinson
2721,casey
2722,johnson johnson
2723,breakthrough
2724,susan collins
2725,roe v wade draft opinion
2726,neil gorsuch
2727,brett kavanaugh
2728,press briefing
2729,civillian
2730,nra
2731,jim lamon
2732,nascar
2733,senator ted cruz
2734,lgb
2735,fuck joe biden
2736,jeff duncan
2737,letsgobrandon
2738,bill posey
2739,brandon brown
2740,lee pierce
2741,f joe biden
2742,ted cruz let go brandon
2743,fjb
2744,beijing olympics
2745,donetsk
2746,jan6
2747,united kingdom
2748,russia sanction
2749,full biden speech capitol attack
2750,full speech
2751,biden january 6 anniversary speech
2752,full biden speech
2753,president
2754,health care
2755,press secretary
2756,olympics
2757,classified
2758,schumer
2759,u capitol
2760,eastern ukraine
2761,biden matthew mcconaughey
2762,mcconaughey
2763,white house matthew mcconaughey
2764,matthew mcconaughey
2765,pfizer
2766,moderna
2767,2020 election
2768,mark meadow
2769,planned parenthood
2770,justin trudeau
2771,president joe biden
2772,infection
2773,merrick garland
2774,cluster munition
2775,justice
2776,vaccine mandate
2777,hospitalization
2778,speech
2779,antiabortion
2780,bila tserkva
2781,video
2782,london
2783,warsaw
2784,territorial defense
2785,white house press briefing
2786,georgia
2787,jubilee
2788,shooting
2789,riot
2790,belarus
2791,delta
2792,capitol mob
2793,school shooting
2794,security council
2795,insurrection trump penny stop steal anniversary
2796,maga
2797,nancy pelosi
2798,sunday show
2799,mandate
2800,ukraine self defense
2801,molotov cocktail
2802,ukraine civilian defense
2803,ukraine bomb
2804,ar15
2805,trucker
2806,foreign policy
2807,foreign affair
2808,mass shooting
2809,kherson
2810,britain
2811,ukraine peace talk
2812,china
2813,filibuster
2814,maralago
2815,january 6 attack
2816,lee powell
2817,army
2818,defamation
2819,treuters
2820,police
2821,chuck schumer
2822,hilton
2823,lindsey graham
2824,ssports
2825,asports
2826,president putin
2827,justice department
2828,comedian
2829,kim kardashian
2830,fbi
2831,medium
2832,vote
2833,uvalde texas
2834,roe
2835,russian war
2836,asciencecoronavirus
2837,scoronavirus
2838,build back better
2839,jill biden
2840,trial
2841,johnny depp
2842,amber heard
2843,volodymyr zelensky
2844,russiaukraine war
2845,house representative
2846,gun
2847,obama
2848,capitol insurrection
2849,variant
2850,gun violence
2851,harris
2852,fire
2853,new york
2854,abortion right
2855,let go brandon
2856,poland
2857,fauci
2858,voting right
2859,white house correspondent dinner
2860,female
2861,stephen g breyer
2862,african american
2863,first
2864,climate change
2865,cipollone
2866,nominee
2867,state union
2868,protest
2869,ukraine shelling
2870,election 2020
2871,russia attack
2872,election
2873,woman
2874,u
2875,comedy
2876,biden remark
2877,u troop
2878,u president
2879,u military
2880,supreme court justice
2881,news conference
2882,big lie
2883,biden administration
2884,capitol
2885,lviv
2886,ukraine war crime
2887,ukraine mass graf
2888,ukraine massacre
2889,russian withdrawal
2890,washington dc
2891,torture
2892,beheading
2893,canadian trucker
2894,russian tank
2895,nomination
2896,omicron
2897,murder
2898,canada protest
2899,ottawa protest
2900,trucker protest
2901,anti vaccine mandate
2902,president zelensky
2903,uvalde
2904,january 6
2905,makariv
2906,kpop
2907,white house bts
2908,bts
2909,antiasian hate
2910,covid19 hate crime act
2911,xenophobia
2912,hate crime
2913,sanction
2914,russia war
2915,scotus
2916,house
2917,kiev
2918,biden speech
2919,moscow
2920,russian offensive
2921,uvalde shooting
2922,joe biden
2923,virus
2924,ukraine bombing
2925,russian troop
2926,russia soldier
2927,ukraine nato
2928,russia border
2929,russia military buildup
2930,refugee
2931,tother
2932,russian military
2933,biden putin
2934,ukraine soldier
2935,ketanji brown jackson
2936,white house briefing
2937,ukraine idp
2938,russia crisis
2939,freedom convoy
2940,ottawa
2941,canada
2942,greenfield
2943,nuclear alert
2944,nan
2945,gas price
2946,stoltenberg
2947,roe v wade
2948,gun control
2949,ukraine border
2950,war crime
2951,ukraine militia
2952,russia strike
2953,nuclear
2954,psaki
2955,ukraine genocide
2956,ukraine casualty
2957,russian aggression
2958,abortion
2959,united nation
2960,russian attack
2961,russia ukraine
2962,ukraine military
2963,russia conflict
2964,donbas
2965,russia military
2966,mass graf
2967,odessa
2968,karine jeanpierre
2969,gop
2970,congress
2971,ukraine death
2972,vaccine
2973,trump
2974,texas
2975,un
2976,mike penny
2977,pandemic
2978,house committee
2979,penny
2980,politics
2981,russian retreat
2982,economy
2983,adam kinzinger
2984,liz cheney
2985,ukraine war
2986,covid
2987,coronavirus
2988,hearing
2989,capitol attack
2990,inflation
2991,senate
2992,whcd
2993,trevor noah
2994,insurrection
2995,g7
2996,capitol riot
2997,russia invasion
2998,vladimir putin
2999,jan 6
3000,award show
3001,wrong name
3002,host
3003,trip
3004,jennifer lawrence
3005,halle barry
3006,lalaland
3007,oscar worst moment
3008,slap
3009,marlon brando
3010,moonlight
3011,unsripted oscar
3012,crazy moment
3013,award
3014,academy award
3015,oscar
3016,smith
3017,supreme court
3018,donald trump
3019,covid19
3020,yt_kw oscar
3021,view
3022,capital city
3023,live
3024,assault
3025,daily show
3026,sarts entertainment
3027,aentertainment
3028,jen psaki
3029,republican
3030,russia war crime
3031,moschun
3032,russian general
3033,ukraine child
3034,ukraine humanitarian
3035,russia shelling
3036,ukraine family
3037,ukraine weapon
3038,irpin
3039,democrat
3040,ukraine invasion
3041,ukraine front line
3042,ukraine fighter
3043,ukraine volunteer
3044,europe
3045,ukraine army
3046,russian army
3047,united state
3048,ukraine displaced
3049,ukraine russia
3050,ukraine refugee
3051,ukraine crisis
3052,bucha
3053,ukraine destruction
3054,mariupol
3055,russian invasion
3056,war
3057,white house
3058,ukraine civilian
3059,eu
3060,war ukraine
3061,kharkiv
3062,military
3063,attack
3064,ukraine conflict
3065,president biden
3066,nato
3067,invasion
3068,zelensky
3069,russia
3070,ukraine
3071,kyiv
3072,washington post youtube
3073,biden
3074,putin
3075,press conference
3076,live speech
3077,video update
3078,breaking news video
3079,live update
